date,geography,product_group,cpi_value,inflation_yoy
1914-01-01,Canada,All-items,6.0,
1914-02-01,Canada,All-items,6.0,
1914-03-01,Canada,All-items,6.0,
1914-04-01,Canada,All-items,6.0,
1914-05-01,Canada,All-items,5.9,
1914-06-01,Canada,All-items,6.0,
1914-07-01,Canada,All-items,5.9,
1914-08-01,Canada,All-items,6.0,
1914-09-01,Canada,All-items,6.0,
1914-10-01,Canada,All-items,6.1,
1914-11-01,Canada,All-items,6.1,
1914-12-01,Canada,All-items,6.1,
1915-01-01,Canada,All-items,6.1,1.6666666666666607
1915-02-01,Canada,All-items,6.1,1.6666666666666607
1915-03-01,Canada,All-items,6.1,1.6666666666666607
1915-04-01,Canada,All-items,6.1,1.6666666666666607
1915-05-01,Canada,All-items,6.1,3.3898305084745672
1915-06-01,Canada,All-items,6.1,1.6666666666666607
1915-07-01,Canada,All-items,6.1,3.3898305084745672
1915-08-01,Canada,All-items,6.1,1.6666666666666607
1915-09-01,Canada,All-items,6.1,1.6666666666666607
1915-10-01,Canada,All-items,6.1,0.0
1915-11-01,Canada,All-items,6.3,3.2786885245901676
1915-12-01,Canada,All-items,6.3,3.2786885245901676
1916-01-01,Canada,All-items,6.4,4.918032786885251
1916-02-01,Canada,All-items,6.5,6.557377049180335
1916-03-01,Canada,All-items,6.5,6.557377049180335
1916-04-01,Canada,All-items,6.5,6.557377049180335
1916-05-01,Canada,All-items,6.5,6.557377049180335
1916-06-01,Canada,All-items,6.6,8.196721311475418
1916-07-01,Canada,All-items,6.6,8.196721311475418
1916-08-01,Canada,All-items,6.6,8.196721311475418
1916-09-01,Canada,All-items,6.8,11.475409836065587
1916-10-01,Canada,All-items,6.9,13.11475409836067
1916-11-01,Canada,All-items,7.1,12.698412698412698
1916-12-01,Canada,All-items,7.2,14.285714285714302
1917-01-01,Canada,All-items,7.4,15.625
1917-02-01,Canada,All-items,7.4,13.846153846153841
1917-03-01,Canada,All-items,7.6,16.923076923076906
1917-04-01,Canada,All-items,7.6,16.923076923076906
1917-05-01,Canada,All-items,7.9,21.53846153846155
1917-06-01,Canada,All-items,8.0,21.212121212121215
1917-07-01,Canada,All-items,8.0,21.212121212121215
1917-08-01,Canada,All-items,8.0,21.212121212121215
1917-09-01,Canada,All-items,8.0,17.647058823529417
1917-10-01,Canada,All-items,8.2,18.8405797101449
1917-11-01,Canada,All-items,8.2,15.492957746478876
1917-12-01,Canada,All-items,8.3,15.27777777777779
1918-01-01,Canada,All-items,8.4,13.513513513513509
1918-02-01,Canada,All-items,8.5,14.864864864864868
1918-03-01,Canada,All-items,8.6,13.157894736842103
1918-04-01,Canada,All-items,8.6,13.157894736842103
1918-05-01,Canada,All-items,8.7,10.126582278481
1918-06-01,Canada,All-items,8.8,10.000000000000009
1918-07-01,Canada,All-items,8.9,11.250000000000004
1918-08-01,Canada,All-items,9.2,14.999999999999991
1918-09-01,Canada,All-items,9.2,14.999999999999991
1918-10-01,Canada,All-items,9.3,13.414634146341475
1918-11-01,Canada,All-items,9.4,14.634146341463428
1918-12-01,Canada,All-items,9.4,13.253012048192758
1919-01-01,Canada,All-items,9.5,13.095238095238093
1919-02-01,Canada,All-items,9.4,10.588235294117654
1919-03-01,Canada,All-items,9.4,9.302325581395365
1919-04-01,Canada,All-items,9.4,9.302325581395365
1919-05-01,Canada,All-items,9.7,11.494252873563227
1919-06-01,Canada,All-items,9.7,10.227272727272707
1919-07-01,Canada,All-items,9.8,10.1123595505618
1919-08-01,Canada,All-items,10.0,8.69565217391306
1919-09-01,Canada,All-items,10.0,8.69565217391306
1919-10-01,Canada,All-items,10.0,7.526881720430101
1919-11-01,Canada,All-items,10.1,7.446808510638281
1919-12-01,Canada,All-items,10.2,8.51063829787233
1920-01-01,Canada,All-items,10.6,11.578947368421044
1920-02-01,Canada,All-items,10.8,14.893617021276606
1920-03-01,Canada,All-items,11.2,19.14893617021276
1920-04-01,Canada,All-items,11.3,20.21276595744681
1920-05-01,Canada,All-items,11.6,19.58762886597938
1920-06-01,Canada,All-items,11.8,21.649484536082486
1920-07-01,Canada,All-items,11.8,20.408163265306122
1920-08-01,Canada,All-items,11.7,16.999999999999993
1920-09-01,Canada,All-items,11.5,14.999999999999991
1920-10-01,Canada,All-items,11.5,14.999999999999991
1920-11-01,Canada,All-items,11.3,11.881188118811892
1920-12-01,Canada,All-items,11.2,9.80392156862746
1921-01-01,Canada,All-items,11.0,3.7735849056603765
1921-02-01,Canada,All-items,10.8,0.0
1921-03-01,Canada,All-items,10.5,-6.249999999999989
1921-04-01,Canada,All-items,10.2,-9.734513274336297
1921-05-01,Canada,All-items,10.0,-13.793103448275856
1921-06-01,Canada,All-items,9.7,-17.796610169491533
1921-07-01,Canada,All-items,9.7,-17.796610169491533
1921-08-01,Canada,All-items,9.7,-17.0940170940171
1921-09-01,Canada,All-items,9.7,-15.652173913043487
1921-10-01,Canada,All-items,9.7,-15.652173913043487
1921-11-01,Canada,All-items,9.4,-16.814159292035402
1921-12-01,Canada,All-items,9.4,-16.07142857142856
1922-01-01,Canada,All-items,9.4,-14.54545454545454
1922-02-01,Canada,All-items,9.3,-13.888888888888884
1922-03-01,Canada,All-items,9.2,-12.380952380952392
1922-04-01,Canada,All-items,9.2,-9.80392156862745
1922-05-01,Canada,All-items,9.1,-9.000000000000007
1922-06-01,Canada,All-items,9.1,-6.185567010309279
1922-07-01,Canada,All-items,9.1,-6.185567010309279
1922-08-01,Canada,All-items,9.2,-5.154639175257736
1922-09-01,Canada,All-items,9.2,-5.154639175257736
1922-10-01,Canada,All-items,9.2,-5.154639175257736
1922-11-01,Canada,All-items,9.2,-2.1276595744680993
1922-12-01,Canada,All-items,9.2,-2.1276595744680993
1923-01-01,Canada,All-items,9.2,-2.1276595744680993
1923-02-01,Canada,All-items,9.2,-1.0752688172043112
1923-03-01,Canada,All-items,9.3,1.0869565217391353
1923-04-01,Canada,All-items,9.2,0.0
1923-05-01,Canada,All-items,9.2,1.098901098901095
1923-06-01,Canada,All-items,9.2,1.098901098901095
1923-07-01,Canada,All-items,9.1,0.0
1923-08-01,Canada,All-items,9.2,0.0
1923-09-01,Canada,All-items,9.2,0.0
1923-10-01,Canada,All-items,9.2,0.0
1923-11-01,Canada,All-items,9.2,0.0
1923-12-01,Canada,All-items,9.2,0.0
1924-01-01,Canada,All-items,9.2,0.0
1924-02-01,Canada,All-items,9.2,0.0
1924-03-01,Canada,All-items,9.2,-1.0752688172043112
1924-04-01,Canada,All-items,9.0,-2.1739130434782483
1924-05-01,Canada,All-items,8.9,-3.2608695652173836
1924-06-01,Canada,All-items,8.8,-4.347826086956507
1924-07-01,Canada,All-items,8.8,-3.296703296703285
1924-08-01,Canada,All-items,9.0,-2.1739130434782483
1924-09-01,Canada,All-items,9.0,-2.1739130434782483
1924-10-01,Canada,All-items,9.0,-2.1739130434782483
1924-11-01,Canada,All-items,9.1,-1.0869565217391242
1924-12-01,Canada,All-items,9.1,-1.0869565217391242
1925-01-01,Canada,All-items,9.2,0.0
1925-02-01,Canada,All-items,9.2,0.0
1925-03-01,Canada,All-items,9.2,0.0
1925-04-01,Canada,All-items,9.1,1.1111111111111072
1925-05-01,Canada,All-items,9.0,1.1235955056179803
1925-06-01,Canada,All-items,9.0,2.2727272727272707
1925-07-01,Canada,All-items,9.0,2.2727272727272707
1925-08-01,Canada,All-items,9.1,1.1111111111111072
1925-09-01,Canada,All-items,9.1,1.1111111111111072
1925-10-01,Canada,All-items,9.2,2.2222222222222143
1925-11-01,Canada,All-items,9.2,1.098901098901095
1925-12-01,Canada,All-items,9.3,2.197802197802212
1926-01-01,Canada,All-items,9.2,0.0
1926-02-01,Canada,All-items,9.2,0.0
1926-03-01,Canada,All-items,9.2,0.0
1926-04-01,Canada,All-items,9.2,1.098901098901095
1926-05-01,Canada,All-items,9.2,2.2222222222222143
1926-06-01,Canada,All-items,9.2,2.2222222222222143
1926-07-01,Canada,All-items,9.2,2.2222222222222143
1926-08-01,Canada,All-items,9.2,1.098901098901095
1926-09-01,Canada,All-items,9.2,1.098901098901095
1926-10-01,Canada,All-items,9.2,0.0
1926-11-01,Canada,All-items,9.2,0.0
1926-12-01,Canada,All-items,9.2,-1.0752688172043112
1927-01-01,Canada,All-items,9.2,0.0
1927-02-01,Canada,All-items,9.2,0.0
1927-03-01,Canada,All-items,9.1,-1.0869565217391242
1927-04-01,Canada,All-items,9.0,-2.1739130434782483
1927-05-01,Canada,All-items,9.0,-2.1739130434782483
1927-06-01,Canada,All-items,9.0,-2.1739130434782483
1927-07-01,Canada,All-items,9.1,-1.0869565217391242
1927-08-01,Canada,All-items,9.0,-2.1739130434782483
1927-09-01,Canada,All-items,9.0,-2.1739130434782483
1927-10-01,Canada,All-items,9.0,-2.1739130434782483
1927-11-01,Canada,All-items,9.1,-1.0869565217391242
1927-12-01,Canada,All-items,9.1,-1.0869565217391242
1928-01-01,Canada,All-items,9.2,0.0
1928-02-01,Canada,All-items,9.2,0.0
1928-03-01,Canada,All-items,9.1,0.0
1928-04-01,Canada,All-items,9.1,1.1111111111111072
1928-05-01,Canada,All-items,9.0,0.0
1928-06-01,Canada,All-items,9.0,0.0
1928-07-01,Canada,All-items,9.0,-1.098901098901095
1928-08-01,Canada,All-items,9.2,2.2222222222222143
1928-09-01,Canada,All-items,9.2,2.2222222222222143
1928-10-01,Canada,All-items,9.2,2.2222222222222143
1928-11-01,Canada,All-items,9.2,1.098901098901095
1928-12-01,Canada,All-items,9.2,1.098901098901095
1929-01-01,Canada,All-items,9.2,0.0
1929-02-01,Canada,All-items,9.2,0.0
1929-03-01,Canada,All-items,9.2,1.098901098901095
1929-04-01,Canada,All-items,9.1,0.0
1929-05-01,Canada,All-items,9.2,2.2222222222222143
1929-06-01,Canada,All-items,9.2,2.2222222222222143
1929-07-01,Canada,All-items,9.2,2.2222222222222143
1929-08-01,Canada,All-items,9.2,0.0
1929-09-01,Canada,All-items,9.2,0.0
1929-10-01,Canada,All-items,9.3,1.0869565217391353
1929-11-01,Canada,All-items,9.3,1.0869565217391353
1929-12-01,Canada,All-items,9.4,2.1739130434782705
1930-01-01,Canada,All-items,9.4,2.1739130434782705
1930-02-01,Canada,All-items,9.4,2.1739130434782705
1930-03-01,Canada,All-items,9.3,1.0869565217391353
1930-04-01,Canada,All-items,9.2,1.098901098901095
1930-05-01,Canada,All-items,9.2,0.0
1930-06-01,Canada,All-items,9.2,0.0
1930-07-01,Canada,All-items,9.2,0.0
1930-08-01,Canada,All-items,9.2,0.0
1930-09-01,Canada,All-items,8.9,-3.2608695652173836
1930-10-01,Canada,All-items,8.9,-4.301075268817211
1930-11-01,Canada,All-items,8.9,-4.301075268817211
1930-12-01,Canada,All-items,8.8,-6.382978723404253
1931-01-01,Canada,All-items,8.7,-7.446808510638315
1931-02-01,Canada,All-items,8.6,-8.510638297872353
1931-03-01,Canada,All-items,8.5,-8.602150537634412
1931-04-01,Canada,All-items,8.4,-8.695652173913038
1931-05-01,Canada,All-items,8.3,-9.782608695652161
1931-06-01,Canada,All-items,8.2,-10.869565217391308
1931-07-01,Canada,All-items,8.1,-11.956521739130432
1931-08-01,Canada,All-items,8.2,-10.869565217391308
1931-09-01,Canada,All-items,8.1,-8.988764044943832
1931-10-01,Canada,All-items,7.9,-11.235955056179769
1931-11-01,Canada,All-items,7.9,-11.235955056179769
1931-12-01,Canada,All-items,7.9,-10.22727272727273
1932-01-01,Canada,All-items,7.8,-10.344827586206895
1932-02-01,Canada,All-items,7.6,-11.627906976744185
1932-03-01,Canada,All-items,7.6,-10.588235294117654
1932-04-01,Canada,All-items,7.6,-9.523809523809534
1932-05-01,Canada,All-items,7.4,-10.843373493975905
1932-06-01,Canada,All-items,7.4,-9.756097560975597
1932-07-01,Canada,All-items,7.4,-8.64197530864197
1932-08-01,Canada,All-items,7.4,-9.756097560975597
1932-09-01,Canada,All-items,7.4,-8.64197530864197
1932-10-01,Canada,All-items,7.3,-7.594936708860766
1932-11-01,Canada,All-items,7.3,-7.594936708860766
1932-12-01,Canada,All-items,7.3,-7.594936708860766
1933-01-01,Canada,All-items,7.2,-7.692307692307687
1933-02-01,Canada,All-items,7.2,-5.263157894736836
1933-03-01,Canada,All-items,7.1,-6.578947368421051
1933-04-01,Canada,All-items,7.1,-6.578947368421051
1933-05-01,Canada,All-items,7.1,-4.054054054054069
1933-06-01,Canada,All-items,7.1,-4.054054054054069
1933-07-01,Canada,All-items,7.1,-4.054054054054069
1933-08-01,Canada,All-items,7.2,-2.7027027027027084
1933-09-01,Canada,All-items,7.2,-2.7027027027027084
1933-10-01,Canada,All-items,7.1,-2.73972602739726
1933-11-01,Canada,All-items,7.1,-2.73972602739726
1933-12-01,Canada,All-items,7.1,-2.73972602739726
1934-01-01,Canada,All-items,7.2,0.0
1934-02-01,Canada,All-items,7.2,0.0
1934-03-01,Canada,All-items,7.3,2.8169014084507005
1934-04-01,Canada,All-items,7.3,2.8169014084507005
1934-05-01,Canada,All-items,7.2,1.4084507042253502
1934-06-01,Canada,All-items,7.2,1.4084507042253502
1934-07-01,Canada,All-items,7.2,1.4084507042253502
1934-08-01,Canada,All-items,7.2,0.0
1934-09-01,Canada,All-items,7.2,0.0
1934-10-01,Canada,All-items,7.2,1.4084507042253502
1934-11-01,Canada,All-items,7.2,1.4084507042253502
1934-12-01,Canada,All-items,7.2,1.4084507042253502
1935-01-01,Canada,All-items,7.2,0.0
1935-02-01,Canada,All-items,7.2,0.0
1935-03-01,Canada,All-items,7.2,-1.3698630136986245
1935-04-01,Canada,All-items,7.2,-1.3698630136986245
1935-05-01,Canada,All-items,7.2,0.0
1935-06-01,Canada,All-items,7.2,0.0
1935-07-01,Canada,All-items,7.2,0.0
1935-08-01,Canada,All-items,7.2,0.0
1935-09-01,Canada,All-items,7.3,1.388888888888884
1935-10-01,Canada,All-items,7.3,1.388888888888884
1935-11-01,Canada,All-items,7.4,2.77777777777779
1935-12-01,Canada,All-items,7.4,2.77777777777779
1936-01-01,Canada,All-items,7.4,2.77777777777779
1936-02-01,Canada,All-items,7.4,2.77777777777779
1936-03-01,Canada,All-items,7.4,2.77777777777779
1936-04-01,Canada,All-items,7.3,1.388888888888884
1936-05-01,Canada,All-items,7.3,1.388888888888884
1936-06-01,Canada,All-items,7.3,1.388888888888884
1936-07-01,Canada,All-items,7.4,2.77777777777779
1936-08-01,Canada,All-items,7.4,2.77777777777779
1936-09-01,Canada,All-items,7.4,1.3698630136986356
1936-10-01,Canada,All-items,7.5,2.7397260273972712
1936-11-01,Canada,All-items,7.5,1.3513513513513375
1936-12-01,Canada,All-items,7.5,1.3513513513513375
1937-01-01,Canada,All-items,7.6,2.7027027027026973
1937-02-01,Canada,All-items,7.6,2.7027027027026973
1937-03-01,Canada,All-items,7.6,2.7027027027026973
1937-04-01,Canada,All-items,7.6,4.109589041095885
1937-05-01,Canada,All-items,7.6,4.109589041095885
1937-06-01,Canada,All-items,7.6,4.109589041095885
1937-07-01,Canada,All-items,7.6,2.7027027027026973
1937-08-01,Canada,All-items,7.7,4.054054054054057
1937-09-01,Canada,All-items,7.7,4.054054054054057
1937-10-01,Canada,All-items,7.8,4.0000000000000036
1937-11-01,Canada,All-items,7.8,4.0000000000000036
1937-12-01,Canada,All-items,7.8,4.0000000000000036
1938-01-01,Canada,All-items,7.7,1.3157894736842257
1938-02-01,Canada,All-items,7.7,1.3157894736842257
1938-03-01,Canada,All-items,7.8,2.6315789473684292
1938-04-01,Canada,All-items,7.8,2.6315789473684292
1938-05-01,Canada,All-items,7.7,1.3157894736842257
1938-06-01,Canada,All-items,7.7,1.3157894736842257
1938-07-01,Canada,All-items,7.8,2.6315789473684292
1938-08-01,Canada,All-items,7.8,1.298701298701288
1938-09-01,Canada,All-items,7.7,0.0
1938-10-01,Canada,All-items,7.6,-2.564102564102566
1938-11-01,Canada,All-items,7.6,-2.564102564102566
1938-12-01,Canada,All-items,7.6,-2.564102564102566
1939-01-01,Canada,All-items,7.6,-1.2987012987013102
1939-02-01,Canada,All-items,7.6,-1.2987012987013102
1939-03-01,Canada,All-items,7.6,-2.564102564102566
1939-04-01,Canada,All-items,7.6,-2.564102564102566
1939-05-01,Canada,All-items,7.6,-1.2987012987013102
1939-06-01,Canada,All-items,7.6,-1.2987012987013102
1939-07-01,Canada,All-items,7.6,-2.564102564102566
1939-08-01,Canada,All-items,7.6,-2.564102564102566
1939-09-01,Canada,All-items,7.6,-1.2987012987013102
1939-10-01,Canada,All-items,7.8,2.6315789473684292
1939-11-01,Canada,All-items,7.8,2.6315789473684292
1939-12-01,Canada,All-items,7.8,2.6315789473684292
1940-01-01,Canada,All-items,7.8,2.6315789473684292
1940-02-01,Canada,All-items,7.8,2.6315789473684292
1940-03-01,Canada,All-items,7.9,3.9473684210526327
1940-04-01,Canada,All-items,7.9,3.9473684210526327
1940-05-01,Canada,All-items,7.9,3.9473684210526327
1940-06-01,Canada,All-items,7.9,3.9473684210526327
1940-07-01,Canada,All-items,8.0,5.263157894736836
1940-08-01,Canada,All-items,8.0,5.263157894736836
1940-09-01,Canada,All-items,8.1,6.578947368421062
1940-10-01,Canada,All-items,8.1,3.8461538461538547
1940-11-01,Canada,All-items,8.1,3.8461538461538547
1940-12-01,Canada,All-items,8.2,5.128205128205132
1941-01-01,Canada,All-items,8.2,5.128205128205132
1941-02-01,Canada,All-items,8.2,5.128205128205132
1941-03-01,Canada,All-items,8.2,3.7974683544303556
1941-04-01,Canada,All-items,8.2,3.7974683544303556
1941-05-01,Canada,All-items,8.2,3.7974683544303556
1941-06-01,Canada,All-items,8.4,6.329113924050622
1941-07-01,Canada,All-items,8.5,6.25
1941-08-01,Canada,All-items,8.6,7.499999999999996
1941-09-01,Canada,All-items,8.7,7.407407407407396
1941-10-01,Canada,All-items,8.7,7.407407407407396
1941-11-01,Canada,All-items,8.8,8.641975308641992
1941-12-01,Canada,All-items,8.7,6.0975609756097615
1942-01-01,Canada,All-items,8.7,6.0975609756097615
1942-02-01,Canada,All-items,8.7,6.0975609756097615
1942-03-01,Canada,All-items,8.8,7.317073170731736
1942-04-01,Canada,All-items,8.8,7.317073170731736
1942-05-01,Canada,All-items,8.8,7.317073170731736
1942-06-01,Canada,All-items,8.8,4.761904761904767
1942-07-01,Canada,All-items,8.9,4.705882352941182
1942-08-01,Canada,All-items,8.9,3.488372093023262
1942-09-01,Canada,All-items,8.8,1.1494252873563315
1942-10-01,Canada,All-items,8.9,2.298850574712663
1942-11-01,Canada,All-items,9.0,2.2727272727272707
1942-12-01,Canada,All-items,9.0,3.4482758620689724
1943-01-01,Canada,All-items,8.8,1.1494252873563315
1943-02-01,Canada,All-items,8.8,1.1494252873563315
1943-03-01,Canada,All-items,8.8,0.0
1943-04-01,Canada,All-items,9.0,2.2727272727272707
1943-05-01,Canada,All-items,9.0,2.2727272727272707
1943-06-01,Canada,All-items,9.0,2.2727272727272707
1943-07-01,Canada,All-items,9.1,2.2471910112359383
1943-08-01,Canada,All-items,9.1,2.2471910112359383
1943-09-01,Canada,All-items,9.2,4.545454545454519
1943-10-01,Canada,All-items,9.2,3.3707865168539186
1943-11-01,Canada,All-items,9.2,2.2222222222222143
1943-12-01,Canada,All-items,9.2,2.2222222222222143
1944-01-01,Canada,All-items,9.1,3.409090909090895
1944-02-01,Canada,All-items,9.1,3.409090909090895
1944-03-01,Canada,All-items,9.1,3.409090909090895
1944-04-01,Canada,All-items,9.1,1.1111111111111072
1944-05-01,Canada,All-items,9.1,1.1111111111111072
1944-06-01,Canada,All-items,9.1,1.1111111111111072
1944-07-01,Canada,All-items,9.1,0.0
1944-08-01,Canada,All-items,9.1,0.0
1944-09-01,Canada,All-items,9.1,-1.0869565217391242
1944-10-01,Canada,All-items,9.1,-1.0869565217391242
1944-11-01,Canada,All-items,9.1,-1.0869565217391242
1944-12-01,Canada,All-items,9.0,-2.1739130434782483
1945-01-01,Canada,All-items,9.0,-1.098901098901095
1945-02-01,Canada,All-items,9.1,0.0
1945-03-01,Canada,All-items,9.1,0.0
1945-04-01,Canada,All-items,9.1,0.0
1945-05-01,Canada,All-items,9.1,0.0
1945-06-01,Canada,All-items,9.2,1.098901098901095
1945-07-01,Canada,All-items,9.2,1.098901098901095
1945-08-01,Canada,All-items,9.2,1.098901098901095
1945-09-01,Canada,All-items,9.2,1.098901098901095
1945-10-01,Canada,All-items,9.2,1.098901098901095
1945-11-01,Canada,All-items,9.2,1.098901098901095
1945-12-01,Canada,All-items,9.2,2.2222222222222143
1946-01-01,Canada,All-items,9.2,2.2222222222222143
1946-02-01,Canada,All-items,9.2,1.098901098901095
1946-03-01,Canada,All-items,9.2,1.098901098901095
1946-04-01,Canada,All-items,9.2,1.098901098901095
1946-05-01,Canada,All-items,9.2,1.098901098901095
1946-06-01,Canada,All-items,9.4,2.1739130434782705
1946-07-01,Canada,All-items,9.5,3.260869565217406
1946-08-01,Canada,All-items,9.6,4.347826086956519
1946-09-01,Canada,All-items,9.6,4.347826086956519
1946-10-01,Canada,All-items,9.7,5.434782608695654
1946-11-01,Canada,All-items,9.7,5.434782608695654
1946-12-01,Canada,All-items,9.7,5.434782608695654
1947-01-01,Canada,All-items,9.7,5.434782608695654
1947-02-01,Canada,All-items,9.7,5.434782608695654
1947-03-01,Canada,All-items,9.8,6.521739130434789
1947-04-01,Canada,All-items,9.9,7.608695652173925
1947-05-01,Canada,All-items,10.1,9.782608695652172
1947-06-01,Canada,All-items,10.2,8.51063829787233
1947-07-01,Canada,All-items,10.3,8.421052631578952
1947-08-01,Canada,All-items,10.3,7.291666666666674
1947-09-01,Canada,All-items,10.6,10.416666666666675
1947-10-01,Canada,All-items,10.8,11.340206185567038
1947-11-01,Canada,All-items,10.9,12.37113402061858
1947-12-01,Canada,All-items,11.1,14.432989690721666
1948-01-01,Canada,All-items,11.2,15.463917525773208
1948-02-01,Canada,All-items,11.4,17.525773195876294
1948-03-01,Canada,All-items,11.4,16.326530612244895
1948-04-01,Canada,All-items,11.5,16.161616161616156
1948-05-01,Canada,All-items,11.6,14.851485148514843
1948-06-01,Canada,All-items,11.8,15.686274509803933
1948-07-01,Canada,All-items,11.8,14.563106796116498
1948-08-01,Canada,All-items,11.9,15.533980582524265
1948-09-01,Canada,All-items,12.1,14.150943396226424
1948-10-01,Canada,All-items,12.1,12.037037037037024
1948-11-01,Canada,All-items,12.1,11.009174311926607
1948-12-01,Canada,All-items,12.1,9.009009009009006
1949-01-01,Canada,All-items,12.1,8.03571428571428
1949-02-01,Canada,All-items,12.1,6.140350877192979
1949-03-01,Canada,All-items,12.1,6.140350877192979
1949-04-01,Canada,All-items,12.1,5.217391304347818
1949-05-01,Canada,All-items,12.1,4.31034482758621
1949-06-01,Canada,All-items,12.1,2.5423728813559254
1949-07-01,Canada,All-items,12.1,2.5423728813559254
1949-08-01,Canada,All-items,12.2,2.5210084033613356
1949-09-01,Canada,All-items,12.2,0.8264462809917328
1949-10-01,Canada,All-items,12.3,1.6528925619834878
1949-11-01,Canada,All-items,12.3,1.6528925619834878
1949-12-01,Canada,All-items,12.2,0.8264462809917328
1950-01-01,Canada,All-items,12.1,0.0
1950-02-01,Canada,All-items,12.2,0.8264462809917328
1950-03-01,Canada,All-items,12.3,1.6528925619834878
1950-04-01,Canada,All-items,12.3,1.6528925619834878
1950-05-01,Canada,All-items,12.3,1.6528925619834878
1950-06-01,Canada,All-items,12.3,1.6528925619834878
1950-07-01,Canada,All-items,12.4,2.4793388429752206
1950-08-01,Canada,All-items,12.5,2.459016393442637
1950-09-01,Canada,All-items,12.7,4.098360655737698
1950-10-01,Canada,All-items,12.9,4.878048780487809
1950-11-01,Canada,All-items,12.9,4.878048780487809
1950-12-01,Canada,All-items,12.9,5.737704918032804
1951-01-01,Canada,All-items,13.0,7.438016528925617
1951-02-01,Canada,All-items,13.3,9.016393442622972
1951-03-01,Canada,All-items,13.4,8.943089430894302
1951-04-01,Canada,All-items,13.6,10.56910569105689
1951-05-01,Canada,All-items,13.6,10.56910569105689
1951-06-01,Canada,All-items,13.9,13.008130081300816
1951-07-01,Canada,All-items,13.9,12.096774193548377
1951-08-01,Canada,All-items,14.0,12.00000000000001
1951-09-01,Canada,All-items,14.1,11.023622047244096
1951-10-01,Canada,All-items,14.2,10.077519379844958
1951-11-01,Canada,All-items,14.3,10.852713178294572
1951-12-01,Canada,All-items,14.3,10.852713178294572
1952-01-01,Canada,All-items,14.4,10.769230769230775
1952-02-01,Canada,All-items,14.3,7.518796992481214
1952-03-01,Canada,All-items,14.2,5.970149253731338
1952-04-01,Canada,All-items,14.2,4.4117647058823595
1952-05-01,Canada,All-items,14.1,3.6764705882353033
1952-06-01,Canada,All-items,14.1,1.4388489208633004
1952-07-01,Canada,All-items,14.1,1.4388489208633004
1952-08-01,Canada,All-items,14.1,0.7142857142857117
1952-09-01,Canada,All-items,14.1,0.0
1952-10-01,Canada,All-items,14.1,-0.7042253521126751
1952-11-01,Canada,All-items,14.1,-1.3986013986014068
1952-12-01,Canada,All-items,14.1,-1.3986013986014068
1953-01-01,Canada,All-items,14.1,-2.083333333333337
1953-02-01,Canada,All-items,14.0,-2.0979020979021046
1953-03-01,Canada,All-items,13.9,-2.1126760563380254
1953-04-01,Canada,All-items,13.9,-2.1126760563380254
1953-05-01,Canada,All-items,13.9,-1.4184397163120477
1953-06-01,Canada,All-items,13.9,-1.4184397163120477
1953-07-01,Canada,All-items,13.9,-1.4184397163120477
1953-08-01,Canada,All-items,14.1,0.0
1953-09-01,Canada,All-items,14.1,0.0
1953-10-01,Canada,All-items,14.2,0.7092198581560183
1953-11-01,Canada,All-items,14.1,0.0
1953-12-01,Canada,All-items,14.1,0.0
1954-01-01,Canada,All-items,14.1,0.0
1954-02-01,Canada,All-items,14.1,0.7142857142857117
1954-03-01,Canada,All-items,14.0,0.7194244604316502
1954-04-01,Canada,All-items,14.0,0.7194244604316502
1954-05-01,Canada,All-items,14.0,0.7194244604316502
1954-06-01,Canada,All-items,14.1,1.4388489208633004
1954-07-01,Canada,All-items,14.1,1.4388489208633004
1954-08-01,Canada,All-items,14.2,0.7092198581560183
1954-09-01,Canada,All-items,14.2,0.7092198581560183
1954-10-01,Canada,All-items,14.2,0.0
1954-11-01,Canada,All-items,14.2,0.7092198581560183
1954-12-01,Canada,All-items,14.1,0.0
1955-01-01,Canada,All-items,14.1,0.0
1955-02-01,Canada,All-items,14.1,0.0
1955-03-01,Canada,All-items,14.1,0.7142857142857117
1955-04-01,Canada,All-items,14.1,0.7142857142857117
1955-05-01,Canada,All-items,14.1,0.7142857142857117
1955-06-01,Canada,All-items,14.1,0.0
1955-07-01,Canada,All-items,14.1,0.0
1955-08-01,Canada,All-items,14.1,-0.7042253521126751
1955-09-01,Canada,All-items,14.2,0.0
1955-10-01,Canada,All-items,14.2,0.0
1955-11-01,Canada,All-items,14.2,0.0
1955-12-01,Canada,All-items,14.2,0.7092198581560183
1956-01-01,Canada,All-items,14.2,0.7092198581560183
1956-02-01,Canada,All-items,14.1,0.0
1956-03-01,Canada,All-items,14.1,0.0
1956-04-01,Canada,All-items,14.1,0.0
1956-05-01,Canada,All-items,14.1,0.0
1956-06-01,Canada,All-items,14.3,1.4184397163120588
1956-07-01,Canada,All-items,14.4,2.1276595744680993
1956-08-01,Canada,All-items,14.5,2.8368794326241176
1956-09-01,Canada,All-items,14.4,1.4084507042253502
1956-10-01,Canada,All-items,14.5,2.1126760563380254
1956-11-01,Canada,All-items,14.6,2.8169014084507005
1956-12-01,Canada,All-items,14.6,2.8169014084507005
1957-01-01,Canada,All-items,14.6,2.8169014084507005
1957-02-01,Canada,All-items,14.6,3.546099290780136
1957-03-01,Canada,All-items,14.6,3.546099290780136
1957-04-01,Canada,All-items,14.7,4.255319148936176
1957-05-01,Canada,All-items,14.7,4.255319148936176
1957-06-01,Canada,All-items,14.8,3.4965034965035002
1957-07-01,Canada,All-items,14.8,2.77777777777779
1957-08-01,Canada,All-items,14.9,2.758620689655178
1957-09-01,Canada,All-items,15.0,4.166666666666674
1957-10-01,Canada,All-items,15.0,3.4482758620689724
1957-11-01,Canada,All-items,15.0,2.7397260273972712
1957-12-01,Canada,All-items,14.9,2.0547945205479534
1958-01-01,Canada,All-items,15.0,2.7397260273972712
1958-02-01,Canada,All-items,15.0,2.7397260273972712
1958-03-01,Canada,All-items,15.1,3.424657534246567
1958-04-01,Canada,All-items,15.1,2.7210884353741527
1958-05-01,Canada,All-items,15.1,2.7210884353741527
1958-06-01,Canada,All-items,15.1,2.0270270270270174
1958-07-01,Canada,All-items,15.1,2.0270270270270174
1958-08-01,Canada,All-items,15.1,1.342281879194629
1958-09-01,Canada,All-items,15.3,2.0000000000000018
1958-10-01,Canada,All-items,15.3,2.0000000000000018
1958-11-01,Canada,All-items,15.3,2.0000000000000018
1958-12-01,Canada,All-items,15.3,2.684563758389258
1959-01-01,Canada,All-items,15.3,2.0000000000000018
1959-02-01,Canada,All-items,15.3,2.0000000000000018
1959-03-01,Canada,All-items,15.2,0.6622516556291425
1959-04-01,Canada,All-items,15.2,0.6622516556291425
1959-05-01,Canada,All-items,15.3,1.324503311258285
1959-06-01,Canada,All-items,15.1,0.0
1959-07-01,Canada,All-items,15.3,1.324503311258285
1959-08-01,Canada,All-items,15.3,1.324503311258285
1959-09-01,Canada,All-items,15.5,1.3071895424836555
1959-10-01,Canada,All-items,15.5,1.3071895424836555
1959-11-01,Canada,All-items,15.5,1.3071895424836555
1959-12-01,Canada,All-items,15.5,1.3071895424836555
1960-01-01,Canada,All-items,15.5,1.3071895424836555
1960-02-01,Canada,All-items,15.5,1.3071895424836555
1960-03-01,Canada,All-items,15.4,1.3157894736842257
1960-04-01,Canada,All-items,15.5,1.9736842105263275
1960-05-01,Canada,All-items,15.5,1.3071895424836555
1960-06-01,Canada,All-items,15.5,2.6490066225165476
1960-07-01,Canada,All-items,15.5,1.3071895424836555
1960-08-01,Canada,All-items,15.5,1.3071895424836555
1960-09-01,Canada,All-items,15.5,0.0
1960-10-01,Canada,All-items,15.7,1.2903225806451646
1960-11-01,Canada,All-items,15.7,1.2903225806451646
1960-12-01,Canada,All-items,15.7,1.2903225806451646
1961-01-01,Canada,All-items,15.7,1.2903225806451646
1961-02-01,Canada,All-items,15.7,1.2903225806451646
1961-03-01,Canada,All-items,15.7,1.9480519480519431
1961-04-01,Canada,All-items,15.7,1.2903225806451646
1961-05-01,Canada,All-items,15.7,1.2903225806451646
1961-06-01,Canada,All-items,15.7,1.2903225806451646
1961-07-01,Canada,All-items,15.7,1.2903225806451646
1961-08-01,Canada,All-items,15.7,1.2903225806451646
1961-09-01,Canada,All-items,15.7,1.2903225806451646
1961-10-01,Canada,All-items,15.7,0.0
1961-11-01,Canada,All-items,15.7,0.0
1961-12-01,Canada,All-items,15.7,0.0
1962-01-01,Canada,All-items,15.7,0.0
1962-02-01,Canada,All-items,15.7,0.0
1962-03-01,Canada,All-items,15.7,0.0
1962-04-01,Canada,All-items,15.8,0.6369426751592355
1962-05-01,Canada,All-items,15.8,0.6369426751592355
1962-06-01,Canada,All-items,15.9,1.273885350318471
1962-07-01,Canada,All-items,15.9,1.273885350318471
1962-08-01,Canada,All-items,16.0,1.9108280254777066
1962-09-01,Canada,All-items,15.9,1.273885350318471
1962-10-01,Canada,All-items,16.0,1.9108280254777066
1962-11-01,Canada,All-items,16.0,1.9108280254777066
1962-12-01,Canada,All-items,16.0,1.9108280254777066
1963-01-01,Canada,All-items,16.0,1.9108280254777066
1963-02-01,Canada,All-items,16.0,1.9108280254777066
1963-03-01,Canada,All-items,16.0,1.9108280254777066
1963-04-01,Canada,All-items,16.0,1.2658227848101111
1963-05-01,Canada,All-items,16.0,1.2658227848101111
1963-06-01,Canada,All-items,16.0,0.6289308176100628
1963-07-01,Canada,All-items,16.2,1.8867924528301883
1963-08-01,Canada,All-items,16.3,1.8750000000000044
1963-09-01,Canada,All-items,16.2,1.8867924528301883
1963-10-01,Canada,All-items,16.2,1.2499999999999956
1963-11-01,Canada,All-items,16.3,1.8750000000000044
1963-12-01,Canada,All-items,16.3,1.8750000000000044
1964-01-01,Canada,All-items,16.3,1.8750000000000044
1964-02-01,Canada,All-items,16.3,1.8750000000000044
1964-03-01,Canada,All-items,16.3,1.8750000000000044
1964-04-01,Canada,All-items,16.4,2.499999999999991
1964-05-01,Canada,All-items,16.4,2.499999999999991
1964-06-01,Canada,All-items,16.4,2.499999999999991
1964-07-01,Canada,All-items,16.5,1.85185185185186
1964-08-01,Canada,All-items,16.5,1.2269938650306678
1964-09-01,Canada,All-items,16.5,1.85185185185186
1964-10-01,Canada,All-items,16.5,1.85185185185186
1964-11-01,Canada,All-items,16.5,1.2269938650306678
1964-12-01,Canada,All-items,16.6,1.8404907975460238
1965-01-01,Canada,All-items,16.6,1.8404907975460238
1965-02-01,Canada,All-items,16.6,1.8404907975460238
1965-03-01,Canada,All-items,16.6,1.8404907975460238
1965-04-01,Canada,All-items,16.7,1.8292682926829285
1965-05-01,Canada,All-items,16.7,1.8292682926829285
1965-06-01,Canada,All-items,16.9,3.0487804878048808
1965-07-01,Canada,All-items,16.9,2.4242424242424176
1965-08-01,Canada,All-items,16.9,2.4242424242424176
1965-09-01,Canada,All-items,16.9,2.4242424242424176
1965-10-01,Canada,All-items,16.9,2.4242424242424176
1965-11-01,Canada,All-items,17.0,3.0303030303030276
1965-12-01,Canada,All-items,17.1,3.0120481927710774
1966-01-01,Canada,All-items,17.1,3.0120481927710774
1966-02-01,Canada,All-items,17.2,3.6144578313252795
1966-03-01,Canada,All-items,17.3,4.216867469879504
1966-04-01,Canada,All-items,17.4,4.191616766467066
1966-05-01,Canada,All-items,17.4,4.191616766467066
1966-06-01,Canada,All-items,17.5,3.550295857988184
1966-07-01,Canada,All-items,17.5,3.550295857988184
1966-08-01,Canada,All-items,17.6,4.142011834319548
1966-09-01,Canada,All-items,17.6,4.142011834319548
1966-10-01,Canada,All-items,17.6,4.142011834319548
1966-11-01,Canada,All-items,17.6,3.529411764705892
1966-12-01,Canada,All-items,17.7,3.50877192982455
1967-01-01,Canada,All-items,17.7,3.50877192982455
1967-02-01,Canada,All-items,17.7,2.9069767441860517
1967-03-01,Canada,All-items,17.8,2.8901734104046284
1967-04-01,Canada,All-items,17.9,2.8735632183908066
1967-05-01,Canada,All-items,18.0,3.4482758620689724
1967-06-01,Canada,All-items,18.1,3.4285714285714475
1967-07-01,Canada,All-items,18.2,4.0000000000000036
1967-08-01,Canada,All-items,18.3,3.9772727272727293
1967-09-01,Canada,All-items,18.3,3.9772727272727293
1967-10-01,Canada,All-items,18.3,3.9772727272727293
1967-11-01,Canada,All-items,18.3,3.9772727272727293
1967-12-01,Canada,All-items,18.4,3.9548022598870025
1968-01-01,Canada,All-items,18.5,4.519774011299438
1968-02-01,Canada,All-items,18.5,4.519774011299438
1968-03-01,Canada,All-items,18.6,4.494382022471921
1968-04-01,Canada,All-items,18.6,3.9106145251396773
1968-05-01,Canada,All-items,18.6,3.3333333333333437
1968-06-01,Canada,All-items,18.7,3.3149171270718147
1968-07-01,Canada,All-items,18.9,3.8461538461538325
1968-08-01,Canada,All-items,19.0,3.825136612021862
1968-09-01,Canada,All-items,19.0,3.825136612021862
1968-10-01,Canada,All-items,19.0,3.825136612021862
1968-11-01,Canada,All-items,19.2,4.918032786885229
1968-12-01,Canada,All-items,19.2,4.347826086956519
1969-01-01,Canada,All-items,19.2,3.7837837837837895
1969-02-01,Canada,All-items,19.2,3.7837837837837895
1969-03-01,Canada,All-items,19.3,3.7634408602150504
1969-04-01,Canada,All-items,19.6,5.376344086021501
1969-05-01,Canada,All-items,19.6,5.376344086021501
1969-06-01,Canada,All-items,19.7,5.3475935828877
1969-07-01,Canada,All-items,19.8,4.761904761904767
1969-08-01,Canada,All-items,19.9,4.73684210526315
1969-09-01,Canada,All-items,19.9,4.73684210526315
1969-10-01,Canada,All-items,19.9,4.73684210526315
1969-11-01,Canada,All-items,19.9,3.645833333333326
1969-12-01,Canada,All-items,20.1,4.687500000000022
1970-01-01,Canada,All-items,20.2,5.208333333333326
1970-02-01,Canada,All-items,20.2,5.208333333333326
1970-03-01,Canada,All-items,20.2,4.663212435233155
1970-04-01,Canada,All-items,20.3,3.5714285714285587
1970-05-01,Canada,All-items,20.3,3.5714285714285587
1970-06-01,Canada,All-items,20.3,3.0456852791878264
1970-07-01,Canada,All-items,20.5,3.535353535353525
1970-08-01,Canada,All-items,20.5,3.015075376884435
1970-09-01,Canada,All-items,20.4,2.5125628140703515
1970-10-01,Canada,All-items,20.4,2.5125628140703515
1970-11-01,Canada,All-items,20.4,2.5125628140703515
1970-12-01,Canada,All-items,20.3,0.995024875621886
1971-01-01,Canada,All-items,20.4,0.990099009900991
1971-02-01,Canada,All-items,20.5,1.4851485148514865
1971-03-01,Canada,All-items,20.5,1.4851485148514865
1971-04-01,Canada,All-items,20.7,1.9704433497536922
1971-05-01,Canada,All-items,20.7,1.9704433497536922
1971-06-01,Canada,All-items,20.8,2.4630541871921263
1971-07-01,Canada,All-items,21.0,2.4390243902439046
1971-08-01,Canada,All-items,21.2,3.4146341463414664
1971-09-01,Canada,All-items,21.1,3.431372549019618
1971-10-01,Canada,All-items,21.2,3.9215686274509887
1971-11-01,Canada,All-items,21.2,3.9215686274509887
1971-12-01,Canada,All-items,21.3,4.92610837438423
1972-01-01,Canada,All-items,21.4,4.90196078431373
1972-02-01,Canada,All-items,21.5,4.878048780487809
1972-03-01,Canada,All-items,21.6,5.36585365853659
1972-04-01,Canada,All-items,21.7,4.8309178743961345
1972-05-01,Canada,All-items,21.7,4.8309178743961345
1972-06-01,Canada,All-items,21.7,4.3269230769230616
1972-07-01,Canada,All-items,22.0,4.761904761904767
1972-08-01,Canada,All-items,22.2,4.716981132075482
1972-09-01,Canada,All-items,22.3,5.687203791469186
1972-10-01,Canada,All-items,22.3,5.188679245283034
1972-11-01,Canada,All-items,22.3,5.188679245283034
1972-12-01,Canada,All-items,22.4,5.164319248826277
1973-01-01,Canada,All-items,22.6,5.6074766355140415
1973-02-01,Canada,All-items,22.8,6.04651162790697
1973-03-01,Canada,All-items,22.8,5.555555555555558
1973-04-01,Canada,All-items,23.1,6.451612903225823
1973-05-01,Canada,All-items,23.2,6.912442396313367
1973-06-01,Canada,All-items,23.4,7.834101382488479
1973-07-01,Canada,All-items,23.7,7.727272727272716
1973-08-01,Canada,All-items,24.0,8.108108108108114
1973-09-01,Canada,All-items,24.1,8.071748878923767
1973-10-01,Canada,All-items,24.2,8.520179372197312
1973-11-01,Canada,All-items,24.4,9.417040358744377
1973-12-01,Canada,All-items,24.5,9.375
1974-01-01,Canada,All-items,24.7,9.29203539823007
1974-02-01,Canada,All-items,24.9,9.210526315789469
1974-03-01,Canada,All-items,25.2,10.526315789473673
1974-04-01,Canada,All-items,25.4,9.956709956709942
1974-05-01,Canada,All-items,25.9,11.637931034482762
1974-06-01,Canada,All-items,26.1,11.538461538461542
1974-07-01,Canada,All-items,26.3,10.970464135021096
1974-08-01,Canada,All-items,26.6,10.83333333333334
1974-09-01,Canada,All-items,26.8,11.203319502074693
1974-10-01,Canada,All-items,27.1,11.98347107438018
1974-11-01,Canada,All-items,27.3,11.885245901639351
1974-12-01,Canada,All-items,27.6,12.653061224489793
1975-01-01,Canada,All-items,27.6,11.740890688259121
1975-02-01,Canada,All-items,27.9,12.04819277108433
1975-03-01,Canada,All-items,28.0,11.111111111111116
1975-04-01,Canada,All-items,28.2,11.023622047244096
1975-05-01,Canada,All-items,28.5,10.038610038610042
1975-06-01,Canada,All-items,28.8,10.344827586206895
1975-07-01,Canada,All-items,29.2,11.026615969581744
1975-08-01,Canada,All-items,29.5,10.902255639097746
1975-09-01,Canada,All-items,29.6,10.447761194029859
1975-10-01,Canada,All-items,29.8,9.963099630996307
1975-11-01,Canada,All-items,30.1,10.256410256410264
1975-12-01,Canada,All-items,30.2,9.420289855072461
1976-01-01,Canada,All-items,30.3,9.782608695652172
1976-02-01,Canada,All-items,30.5,9.31899641577061
1976-03-01,Canada,All-items,30.6,9.285714285714297
1976-04-01,Canada,All-items,30.7,8.865248226950362
1976-05-01,Canada,All-items,30.9,8.421052631578952
1976-06-01,Canada,All-items,31.1,7.986111111111116
1976-07-01,Canada,All-items,31.3,7.191780821917804
1976-08-01,Canada,All-items,31.3,6.10169491525423
1976-09-01,Canada,All-items,31.5,6.418918918918903
1976-10-01,Canada,All-items,31.7,6.375838926174482
1976-11-01,Canada,All-items,31.8,5.6478405315614655
1976-12-01,Canada,All-items,31.9,5.629139072847678
1977-01-01,Canada,All-items,32.2,6.270627062706269
1977-02-01,Canada,All-items,32.4,6.229508196721301
1977-03-01,Canada,All-items,32.8,7.189542483660127
1977-04-01,Canada,All-items,33.0,7.491856677524433
1977-05-01,Canada,All-items,33.4,8.090614886731395
1977-06-01,Canada,All-items,33.5,7.717041800643076
1977-07-01,Canada,All-items,33.9,8.306709265175716
1977-08-01,Canada,All-items,33.9,8.306709265175716
1977-09-01,Canada,All-items,34.2,8.571428571428585
1977-10-01,Canada,All-items,34.5,8.83280757097793
1977-11-01,Canada,All-items,34.7,9.119496855345922
1977-12-01,Canada,All-items,34.9,9.404388714733546
1978-01-01,Canada,All-items,35.1,9.006211180124213
1978-02-01,Canada,All-items,35.4,9.259259259259256
1978-03-01,Canada,All-items,35.7,8.841463414634166
1978-04-01,Canada,All-items,35.8,8.484848484848474
1978-05-01,Canada,All-items,36.3,8.682634730538918
1978-06-01,Canada,All-items,36.6,9.253731343283578
1978-07-01,Canada,All-items,37.1,9.43952802359882
1978-08-01,Canada,All-items,37.2,9.734513274336297
1978-09-01,Canada,All-items,37.1,8.479532163742686
1978-10-01,Canada,All-items,37.6,8.985507246376812
1978-11-01,Canada,All-items,37.8,8.9337175792507
1978-12-01,Canada,All-items,37.9,8.595988538681954
1979-01-01,Canada,All-items,38.1,8.547008547008538
1979-02-01,Canada,All-items,38.6,9.039548022598876
1979-03-01,Canada,All-items,39.0,9.243697478991585
1979-04-01,Canada,All-items,39.3,9.77653631284916
1979-05-01,Canada,All-items,39.7,9.366391184573008
1979-06-01,Canada,All-items,39.9,9.016393442622949
1979-07-01,Canada,All-items,40.2,8.35579514824798
1979-08-01,Canada,All-items,40.3,8.333333333333325
1979-09-01,Canada,All-items,40.7,9.7035040431267
1979-10-01,Canada,All-items,41.0,9.042553191489366
1979-11-01,Canada,All-items,41.4,9.523809523809534
1979-12-01,Canada,All-items,41.6,9.76253298153036
1980-01-01,Canada,All-items,41.8,9.711286089238836
1980-02-01,Canada,All-items,42.3,9.585492227979264
1980-03-01,Canada,All-items,42.6,9.230769230769242
1980-04-01,Canada,All-items,42.9,9.160305343511466
1980-05-01,Canada,All-items,43.4,9.319899244332476
1980-06-01,Canada,All-items,43.9,10.025062656641603
1980-07-01,Canada,All-items,44.2,9.950248756218905
1980-08-01,Canada,All-items,44.7,10.91811414392061
1980-09-01,Canada,All-items,45.0,10.565110565110558
1980-10-01,Canada,All-items,45.4,10.731707317073159
1980-11-01,Canada,All-items,46.0,11.111111111111116
1980-12-01,Canada,All-items,46.2,11.057692307692314
1981-01-01,Canada,All-items,46.9,12.200956937799056
1981-02-01,Canada,All-items,47.4,12.056737588652489
1981-03-01,Canada,All-items,48.0,12.676056338028175
1981-04-01,Canada,All-items,48.3,12.587412587412583
1981-05-01,Canada,All-items,48.7,12.211981566820285
1981-06-01,Canada,All-items,49.5,12.756264236902059
1981-07-01,Canada,All-items,49.9,12.895927601809953
1981-08-01,Canada,All-items,50.3,12.527964205816545
1981-09-01,Canada,All-items,50.7,12.666666666666671
1981-10-01,Canada,All-items,51.2,12.77533039647578
1981-11-01,Canada,All-items,51.6,12.173913043478258
1981-12-01,Canada,All-items,51.8,12.12121212121211
1982-01-01,Canada,All-items,52.2,11.30063965884862
1982-02-01,Canada,All-items,52.8,11.392405063291132
1982-03-01,Canada,All-items,53.5,11.458333333333325
1982-04-01,Canada,All-items,53.8,11.387163561076608
1982-05-01,Canada,All-items,54.5,11.909650924024628
1982-06-01,Canada,All-items,55.1,11.313131313131318
1982-07-01,Canada,All-items,55.4,11.022044088176353
1982-08-01,Canada,All-items,55.6,10.53677932405568
1982-09-01,Canada,All-items,55.9,10.256410256410241
1982-10-01,Canada,All-items,56.3,9.960937499999979
1982-11-01,Canada,All-items,56.6,9.689922480620151
1982-12-01,Canada,All-items,56.6,9.26640926640927
1983-01-01,Canada,All-items,56.5,8.23754789272031
1983-02-01,Canada,All-items,56.8,7.575757575757569
1983-03-01,Canada,All-items,57.4,7.289719626168223
1983-04-01,Canada,All-items,57.4,6.691449814126393
1983-05-01,Canada,All-items,57.5,5.504587155963292
1983-06-01,Canada,All-items,58.1,5.444646098003636
1983-07-01,Canada,All-items,58.4,5.4151624548736566
1983-08-01,Canada,All-items,58.7,5.5755395683453335
1983-09-01,Canada,All-items,58.7,5.008944543828275
1983-10-01,Canada,All-items,59.1,4.973357015985802
1983-11-01,Canada,All-items,59.1,4.416961130742059
1983-12-01,Canada,All-items,59.2,4.593639575971742
1984-01-01,Canada,All-items,59.6,5.486725663716818
1984-02-01,Canada,All-items,59.9,5.457746478873249
1984-03-01,Canada,All-items,60.0,4.529616724738683
1984-04-01,Canada,All-items,60.2,4.878048780487809
1984-05-01,Canada,All-items,60.2,4.695652173913056
1984-06-01,Canada,All-items,60.6,4.302925989672968
1984-07-01,Canada,All-items,60.8,4.109589041095885
1984-08-01,Canada,All-items,60.8,3.5775127768313375
1984-09-01,Canada,All-items,60.9,3.747870528109032
1984-10-01,Canada,All-items,61.1,3.384094754653133
1984-11-01,Canada,All-items,61.4,3.891708967851093
1984-12-01,Canada,All-items,61.4,3.716216216216206
1985-01-01,Canada,All-items,61.7,3.523489932885915
1985-02-01,Canada,All-items,62.1,3.6727879799666185
1985-03-01,Canada,All-items,62.2,3.6666666666666625
1985-04-01,Canada,All-items,62.5,3.8205980066445155
1985-05-01,Canada,All-items,62.7,4.152823920265791
1985-06-01,Canada,All-items,63.0,3.960396039603964
1985-07-01,Canada,All-items,63.3,4.111842105263164
1985-08-01,Canada,All-items,63.3,4.111842105263164
1985-09-01,Canada,All-items,63.4,4.10509031198687
1985-10-01,Canada,All-items,63.6,4.091653027823239
1985-11-01,Canada,All-items,63.8,3.9087947882736174
1985-12-01,Canada,All-items,64.1,4.3973941368078195
1986-01-01,Canada,All-items,64.4,4.376012965964349
1986-02-01,Canada,All-items,64.7,4.186795491143314
1986-03-01,Canada,All-items,64.9,4.3408360128617485
1986-04-01,Canada,All-items,64.9,3.839999999999999
1986-05-01,Canada,All-items,65.3,4.146730462519921
1986-06-01,Canada,All-items,65.4,3.809523809523818
1986-07-01,Canada,All-items,65.9,4.107424960505535
1986-08-01,Canada,All-items,66.0,4.2654028436019065
1986-09-01,Canada,All-items,66.0,4.100946372239744
1986-10-01,Canada,All-items,66.4,4.402515723270439
1986-11-01,Canada,All-items,66.7,4.545454545454564
1986-12-01,Canada,All-items,66.8,4.212168486739465
1987-01-01,Canada,All-items,67.0,4.0372670807453215
1987-02-01,Canada,All-items,67.3,4.018547140649131
1987-03-01,Canada,All-items,67.5,4.00616332819721
1987-04-01,Canada,All-items,67.9,4.6224961479198745
1987-05-01,Canada,All-items,68.3,4.594180704441042
1987-06-01,Canada,All-items,68.5,4.740061162079501
1987-07-01,Canada,All-items,68.9,4.552352048558417
1987-08-01,Canada,All-items,69.0,4.545454545454541
1987-09-01,Canada,All-items,69.0,4.545454545454541
1987-10-01,Canada,All-items,69.2,4.216867469879504
1987-11-01,Canada,All-items,69.5,4.197901049475261
1987-12-01,Canada,All-items,69.6,4.191616766467066
1988-01-01,Canada,All-items,69.7,4.029850746268671
1988-02-01,Canada,All-items,70.0,4.011887072808329
1988-03-01,Canada,All-items,70.4,4.296296296296309
1988-04-01,Canada,All-items,70.6,3.9764359351988077
1988-05-01,Canada,All-items,71.0,3.9531478770131745
1988-06-01,Canada,All-items,71.2,3.9416058394160736
1988-07-01,Canada,All-items,71.6,3.9187227866472885
1988-08-01,Canada,All-items,71.7,3.913043478260869
1988-09-01,Canada,All-items,71.8,4.057971014492745
1988-10-01,Canada,All-items,72.2,4.335260115606943
1988-11-01,Canada,All-items,72.3,4.028776978417259
1988-12-01,Canada,All-items,72.3,3.87931034482758
1989-01-01,Canada,All-items,72.7,4.304160688665704
1989-02-01,Canada,All-items,73.2,4.571428571428582
1989-03-01,Canada,All-items,73.6,4.545454545454519
1989-04-01,Canada,All-items,73.8,4.532577903682733
1989-05-01,Canada,All-items,74.6,5.070422535211261
1989-06-01,Canada,All-items,74.9,5.196629213483139
1989-07-01,Canada,All-items,75.4,5.307262569832427
1989-08-01,Canada,All-items,75.5,5.299860529986056
1989-09-01,Canada,All-items,75.6,5.292479108635084
1989-10-01,Canada,All-items,75.9,5.124653739612195
1989-11-01,Canada,All-items,76.1,5.255878284923932
1989-12-01,Canada,All-items,76.1,5.255878284923932
1990-01-01,Canada,All-items,76.7,5.502063273727642
1990-02-01,Canada,All-items,77.2,5.464480874316946
1990-03-01,Canada,All-items,77.5,5.2989130434782705
1990-04-01,Canada,All-items,77.5,5.0135501355013545
1990-05-01,Canada,All-items,77.9,4.423592493297601
1990-06-01,Canada,All-items,78.2,4.4058744993324295
1990-07-01,Canada,All-items,78.5,4.111405835543769
1990-08-01,Canada,All-items,78.6,4.1059602649006655
1990-09-01,Canada,All-items,78.8,4.232804232804233
1990-10-01,Canada,All-items,79.5,4.743083003952564
1990-11-01,Canada,All-items,80.0,5.124835742444156
1990-12-01,Canada,All-items,79.9,4.993429697766105
1991-01-01,Canada,All-items,82.0,6.910039113428934
1991-02-01,Canada,All-items,82.0,6.217616580310881
1991-03-01,Canada,All-items,82.3,6.193548387096781
1991-04-01,Canada,All-items,82.3,6.193548387096781
1991-05-01,Canada,All-items,82.7,6.161745827984588
1991-06-01,Canada,All-items,83.1,6.265984654731449
1991-07-01,Canada,All-items,83.2,5.987261146496814
1991-08-01,Canada,All-items,83.3,5.97964376590332
1991-09-01,Canada,All-items,83.1,5.456852791878175
1991-10-01,Canada,All-items,83.0,4.402515723270439
1991-11-01,Canada,All-items,83.3,4.125000000000001
1991-12-01,Canada,All-items,82.9,3.754693366708395
1992-01-01,Canada,All-items,83.3,1.585365853658538
1992-02-01,Canada,All-items,83.3,1.585365853658538
1992-03-01,Canada,All-items,83.6,1.5795868772782384
1992-04-01,Canada,All-items,83.7,1.7010935601458055
1992-05-01,Canada,All-items,83.8,1.3301088270858408
1992-06-01,Canada,All-items,84.0,1.0830324909747446
1992-07-01,Canada,All-items,84.2,1.2019230769230838
1992-08-01,Canada,All-items,84.2,1.0804321728691502
1992-09-01,Canada,All-items,84.2,1.3237063778580138
1992-10-01,Canada,All-items,84.3,1.5662650602409567
1992-11-01,Canada,All-items,84.7,1.6806722689075793
1992-12-01,Canada,All-items,84.7,2.171290711700835
1993-01-01,Canada,All-items,85.0,2.0408163265306145
1993-02-01,Canada,All-items,85.3,2.400960384153672
1993-03-01,Canada,All-items,85.2,1.9138755980861344
1993-04-01,Canada,All-items,85.2,1.7921146953405076
1993-05-01,Canada,All-items,85.4,1.9093078758950055
1993-06-01,Canada,All-items,85.4,1.666666666666683
1993-07-01,Canada,All-items,85.6,1.6627078384797933
1993-08-01,Canada,All-items,85.7,1.7814726840855055
1993-09-01,Canada,All-items,85.7,1.7814726840855055
1993-10-01,Canada,All-items,85.9,1.8979833926453304
1993-11-01,Canada,All-items,86.3,1.8890200708382432
1993-12-01,Canada,All-items,86.1,1.6528925619834656
1994-01-01,Canada,All-items,86.1,1.2941176470588234
1994-02-01,Canada,All-items,85.4,0.11723329425556983
1994-03-01,Canada,All-items,85.4,0.23474178403755097
1994-04-01,Canada,All-items,85.4,0.23474178403755097
1994-05-01,Canada,All-items,85.2,-0.23419203747072626
1994-06-01,Canada,All-items,85.4,0.0
1994-07-01,Canada,All-items,85.7,0.11682242990656011
1994-08-01,Canada,All-items,85.8,0.1166861143523823
1994-09-01,Canada,All-items,85.9,0.2333722287047868
1994-10-01,Canada,All-items,85.7,-0.2328288707799775
1994-11-01,Canada,All-items,86.2,-0.11587485515642815
1994-12-01,Canada,All-items,86.3,0.23228803716608404
1995-01-01,Canada,All-items,86.6,0.5807200929152101
1995-02-01,Canada,All-items,87.0,1.87353629976581
1995-03-01,Canada,All-items,87.2,2.1077283372365363
1995-04-01,Canada,All-items,87.5,2.4590163934426146
1995-05-01,Canada,All-items,87.7,2.934272300469476
1995-06-01,Canada,All-items,87.7,2.693208430913341
1995-07-01,Canada,All-items,87.9,2.5670945157526326
1995-08-01,Canada,All-items,87.7,2.2144522144522227
1995-09-01,Canada,All-items,87.8,2.211874272409764
1995-10-01,Canada,All-items,87.7,2.333722287047846
1995-11-01,Canada,All-items,88.0,2.088167053364276
1995-12-01,Canada,All-items,87.8,1.7381228273464666
1996-01-01,Canada,All-items,88.0,1.616628175519641
1996-02-01,Canada,All-items,88.1,1.264367816091938
1996-03-01,Canada,All-items,88.5,1.4908256880733939
1996-04-01,Canada,All-items,88.7,1.371428571428579
1996-05-01,Canada,All-items,89.0,1.4823261117445696
1996-06-01,Canada,All-items,89.0,1.4823261117445696
1996-07-01,Canada,All-items,89.0,1.2514220705347023
1996-08-01,Canada,All-items,89.0,1.4823261117445696
1996-09-01,Canada,All-items,89.1,1.480637813211838
1996-10-01,Canada,All-items,89.3,1.8244013683010207
1996-11-01,Canada,All-items,89.7,1.931818181818179
1996-12-01,Canada,All-items,89.7,2.1640091116173155
1997-01-01,Canada,All-items,89.9,2.1590909090909216
1997-02-01,Canada,All-items,90.1,2.2701475595913845
1997-03-01,Canada,All-items,90.2,1.9209039548022666
1997-04-01,Canada,All-items,90.2,1.6910935738444266
1997-05-01,Canada,All-items,90.3,1.4606741573033766
1997-06-01,Canada,All-items,90.5,1.6853932584269593
1997-07-01,Canada,All-items,90.5,1.6853932584269593
1997-08-01,Canada,All-items,90.6,1.7977528089887507
1997-09-01,Canada,All-items,90.6,1.683501683501687
1997-10-01,Canada,All-items,90.6,1.4557670772676445
1997-11-01,Canada,All-items,90.5,0.8918617614269708
1997-12-01,Canada,All-items,90.4,0.7803790412486133
1998-01-01,Canada,All-items,90.9,1.1123470522803158
1998-02-01,Canada,All-items,91.0,0.998890122086582
1998-03-01,Canada,All-items,91.1,0.997782705099759
1998-04-01,Canada,All-items,91.0,0.8869179600886845
1998-05-01,Canada,All-items,91.3,1.1074197120708673
1998-06-01,Canada,All-items,91.4,0.9944751381215422
1998-07-01,Canada,All-items,91.4,0.9944751381215422
1998-08-01,Canada,All-items,91.4,0.8830022075055233
1998-09-01,Canada,All-items,91.2,0.6622516556291425
1998-10-01,Canada,All-items,91.6,1.103752759381904
1998-11-01,Canada,All-items,91.6,1.2154696132596676
1998-12-01,Canada,All-items,91.3,0.9955752212389202
1999-01-01,Canada,All-items,91.5,0.6600660066006458
1999-02-01,Canada,All-items,91.6,0.659340659340657
1999-03-01,Canada,All-items,92.0,0.9879253567508295
1999-04-01,Canada,All-items,92.5,1.6483516483516425
1999-05-01,Canada,All-items,92.7,1.533406352683464
1999-06-01,Canada,All-items,92.9,1.6411378555798661
1999-07-01,Canada,All-items,93.1,1.8599562363238453
1999-08-01,Canada,All-items,93.3,2.0787746170678245
1999-09-01,Canada,All-items,93.6,2.631578947368407
1999-10-01,Canada,All-items,93.7,2.2925764192139875
1999-11-01,Canada,All-items,93.6,2.183406113537112
1999-12-01,Canada,All-items,93.7,2.6286966046002336
2000-01-01,Canada,All-items,93.5,2.1857923497267784
2000-02-01,Canada,All-items,94.1,2.729257641921401
2000-03-01,Canada,All-items,94.8,3.04347826086957
2000-04-01,Canada,All-items,94.5,2.1621621621621623
2000-05-01,Canada,All-items,94.9,2.373247033441217
2000-06-01,Canada,All-items,95.5,2.7987082884822323
2000-07-01,Canada,All-items,95.8,2.9001074113855996
2000-08-01,Canada,All-items,95.7,2.5723472668810254
2000-09-01,Canada,All-items,96.1,2.6709401709401615
2000-10-01,Canada,All-items,96.3,2.774813233724638
2000-11-01,Canada,All-items,96.6,3.205128205128216
2000-12-01,Canada,All-items,96.7,3.2017075773745907
2001-01-01,Canada,All-items,96.3,2.99465240641712
2001-02-01,Canada,All-items,96.8,2.869287991498415
2001-03-01,Canada,All-items,97.1,2.4261603375527407
2001-04-01,Canada,All-items,97.8,3.4920634920634797
2001-05-01,Canada,All-items,98.6,3.898840885142252
2001-06-01,Canada,All-items,98.7,3.350785340314144
2001-07-01,Canada,All-items,98.4,2.713987473903967
2001-08-01,Canada,All-items,98.4,2.8213166144200663
2001-09-01,Canada,All-items,98.6,2.6014568158168494
2001-10-01,Canada,All-items,98.1,1.869158878504673
2001-11-01,Canada,All-items,97.2,0.6211180124223725
2001-12-01,Canada,All-items,97.4,0.7238883143743546
2002-01-01,Canada,All-items,97.6,1.349948078920038
2002-02-01,Canada,All-items,98.2,1.446280991735538
2002-03-01,Canada,All-items,98.9,1.8537590113285374
2002-04-01,Canada,All-items,99.5,1.7382413087934534
2002-05-01,Canada,All-items,99.7,1.1156186612576224
2002-06-01,Canada,All-items,99.9,1.2158054711246313
2002-07-01,Canada,All-items,100.5,2.1341463414634054
2002-08-01,Canada,All-items,100.9,2.5406504065040636
2002-09-01,Canada,All-items,100.9,2.332657200811372
2002-10-01,Canada,All-items,101.2,3.1600407747196746
2002-11-01,Canada,All-items,101.5,4.4238683127572065
2002-12-01,Canada,All-items,101.1,3.7987679671457775
2003-01-01,Canada,All-items,102.0,4.508196721311486
2003-02-01,Canada,All-items,102.8,4.6843177189409335
2003-03-01,Canada,All-items,103.1,4.246713852376116
2003-04-01,Canada,All-items,102.4,2.9145728643216184
2003-05-01,Canada,All-items,102.5,2.8084252758274753
2003-06-01,Canada,All-items,102.5,2.6026026026025884
2003-07-01,Canada,All-items,102.6,2.0895522388059584
2003-08-01,Canada,All-items,102.9,1.9821605550049526
2003-09-01,Canada,All-items,103.1,2.18037661050543
2003-10-01,Canada,All-items,102.8,1.5810276679841806
2003-11-01,Canada,All-items,103.1,1.5763546798029493
2003-12-01,Canada,All-items,103.2,2.077151335311589
2004-01-01,Canada,All-items,103.3,1.274509803921564
2004-02-01,Canada,All-items,103.5,0.6809338521400754
2004-03-01,Canada,All-items,103.9,0.7759456838021483
2004-04-01,Canada,All-items,104.1,1.6601562499999778
2004-05-01,Canada,All-items,105.0,2.4390243902439046
2004-06-01,Canada,All-items,105.1,2.536585365853661
2004-07-01,Canada,All-items,105.0,2.3391812865497075
2004-08-01,Canada,All-items,104.8,1.8464528668610258
2004-09-01,Canada,All-items,105.0,1.8428709990300662
2004-10-01,Canada,All-items,105.2,2.3346303501945664
2004-11-01,Canada,All-items,105.6,2.424830261881672
2004-12-01,Canada,All-items,105.4,2.131782945736438
2005-01-01,Canada,All-items,105.3,1.9361084220716362
2005-02-01,Canada,All-items,105.7,2.1256038647343045
2005-03-01,Canada,All-items,106.3,2.3099133782483072
2005-04-01,Canada,All-items,106.6,2.401536983669539
2005-05-01,Canada,All-items,106.7,1.619047619047631
2005-06-01,Canada,All-items,106.9,1.712654614652731
2005-07-01,Canada,All-items,107.1,2.0000000000000018
2005-08-01,Canada,All-items,107.5,2.57633587786259
2005-09-01,Canada,All-items,108.4,3.23809523809524
2005-10-01,Canada,All-items,107.9,2.5665399239543696
2005-11-01,Canada,All-items,107.7,1.9886363636363757
2005-12-01,Canada,All-items,107.6,2.0872865275142205
2006-01-01,Canada,All-items,108.2,2.754036087369416
2006-02-01,Canada,All-items,108.0,2.1759697256386046
2006-03-01,Canada,All-items,108.6,2.163687676387571
2006-04-01,Canada,All-items,109.2,2.4390243902439046
2006-05-01,Canada,All-items,109.7,2.8116213683224034
2006-06-01,Canada,All-items,109.5,2.4321796071094415
2006-07-01,Canada,All-items,109.6,2.334267040149385
2006-08-01,Canada,All-items,109.8,2.139534883720917
2006-09-01,Canada,All-items,109.2,0.7380073800737907
2006-10-01,Canada,All-items,109.0,1.019462465245602
2006-11-01,Canada,All-items,109.2,1.392757660167132
2006-12-01,Canada,All-items,109.4,1.6728624535315983
2007-01-01,Canada,All-items,109.4,1.109057301293892
2007-02-01,Canada,All-items,110.2,2.037037037037037
2007-03-01,Canada,All-items,111.1,2.302025782688766
2007-04-01,Canada,All-items,111.6,2.19780219780219
2007-05-01,Canada,All-items,112.1,2.1877848678213185
2007-06-01,Canada,All-items,111.9,2.1917808219178214
2007-07-01,Canada,All-items,112.0,2.1897810218978186
2007-08-01,Canada,All-items,111.7,1.7304189435336959
2007-09-01,Canada,All-items,111.9,2.472527472527486
2007-10-01,Canada,All-items,111.6,2.3853211009174258
2007-11-01,Canada,All-items,111.9,2.472527472527486
2007-12-01,Canada,All-items,112.0,2.376599634369292
2008-01-01,Canada,All-items,111.8,2.1937842778793293
2008-02-01,Canada,All-items,112.2,1.814882032667886
2008-03-01,Canada,All-items,112.6,1.3501350135013412
2008-04-01,Canada,All-items,113.5,1.70250896057349
2008-05-01,Canada,All-items,114.6,2.2301516503122176
2008-06-01,Canada,All-items,115.4,3.1277926720286064
2008-07-01,Canada,All-items,115.8,3.392857142857131
2008-08-01,Canada,All-items,115.6,3.4914950760966734
2008-09-01,Canada,All-items,115.7,3.3958891867738927
2008-10-01,Canada,All-items,114.5,2.5985663082437327
2008-11-01,Canada,All-items,114.1,1.9660411081322549
2008-12-01,Canada,All-items,113.3,1.1607142857142927
2009-01-01,Canada,All-items,113.0,1.073345259391778
2009-02-01,Canada,All-items,113.8,1.426024955436711
2009-03-01,Canada,All-items,114.0,1.243339253996445
2009-04-01,Canada,All-items,113.9,0.35242290748900285
2009-05-01,Canada,All-items,114.7,0.08726003490402423
2009-06-01,Canada,All-items,115.1,-0.25996533795494825
2009-07-01,Canada,All-items,114.7,-0.949913644214162
2009-08-01,Canada,All-items,114.7,-0.7785467128027634
2009-09-01,Canada,All-items,114.7,-0.8643042350907515
2009-10-01,Canada,All-items,114.6,0.08733624454146938
2009-11-01,Canada,All-items,115.2,0.9640666082384008
2009-12-01,Canada,All-items,114.8,1.3239187996469504
2010-01-01,Canada,All-items,115.1,1.8584070796460184
2010-02-01,Canada,All-items,115.6,1.5817223198594021
2010-03-01,Canada,All-items,115.6,1.403508771929829
2010-04-01,Canada,All-items,116.0,1.843722563652328
2010-05-01,Canada,All-items,116.3,1.3949433304272008
2010-06-01,Canada,All-items,116.2,0.9556907037358897
2010-07-01,Canada,All-items,116.8,1.8308631211856996
2010-08-01,Canada,All-items,116.7,1.7436791630339954
2010-09-01,Canada,All-items,116.9,1.9180470793374038
2010-10-01,Canada,All-items,117.4,2.443280977312412
2010-11-01,Canada,All-items,117.5,1.996527777777768
2010-12-01,Canada,All-items,117.5,2.3519163763066286
2011-01-01,Canada,All-items,117.8,2.3457862728062606
2011-02-01,Canada,All-items,118.1,2.1626297577854725
2011-03-01,Canada,All-items,119.4,3.287197231833927
2011-04-01,Canada,All-items,119.8,3.275862068965507
2011-05-01,Canada,All-items,120.6,3.6973344797936347
2011-06-01,Canada,All-items,119.8,3.098106712564541
2011-07-01,Canada,All-items,120.0,2.7397260273972712
2011-08-01,Canada,All-items,120.3,3.084832904884305
2011-09-01,Canada,All-items,120.6,3.1650983746791983
2011-10-01,Canada,All-items,120.8,2.8960817717206044
2011-11-01,Canada,All-items,120.9,2.8936170212765955
2011-12-01,Canada,All-items,120.2,2.297872340425533
2012-01-01,Canada,All-items,120.7,2.4617996604414216
2012-02-01,Canada,All-items,121.2,2.6248941574936513
2012-03-01,Canada,All-items,121.7,1.9262981574539317
2012-04-01,Canada,All-items,122.2,2.00333889816362
2012-05-01,Canada,All-items,122.1,1.243781094527363
2012-06-01,Canada,All-items,121.6,1.5025041736226985
2012-07-01,Canada,All-items,121.5,1.2499999999999956
2012-08-01,Canada,All-items,121.8,1.2468827930174564
2012-09-01,Canada,All-items,122.0,1.1608623548922115
2012-10-01,Canada,All-items,122.2,1.1589403973510048
2012-11-01,Canada,All-items,121.9,0.8271298593879317
2012-12-01,Canada,All-items,121.2,0.8319467554076532
2013-01-01,Canada,All-items,121.3,0.4971002485501197
2013-02-01,Canada,All-items,122.7,1.2376237623762387
2013-03-01,Canada,All-items,122.9,0.9860312243221037
2013-04-01,Canada,All-items,122.7,0.40916530278232166
2013-05-01,Canada,All-items,123.0,0.7371007371007376
2013-06-01,Canada,All-items,123.0,1.1513157894736947
2013-07-01,Canada,All-items,123.1,1.3168724279835287
2013-08-01,Canada,All-items,123.1,1.0673234811165777
2013-09-01,Canada,All-items,123.3,1.06557377049179
2013-10-01,Canada,All-items,123.0,0.6546644844517058
2013-11-01,Canada,All-items,123.0,0.9023789991796427
2013-12-01,Canada,All-items,122.7,1.2376237623762387
2014-01-01,Canada,All-items,123.1,1.483924154987637
2014-02-01,Canada,All-items,124.1,1.140994295028519
2014-03-01,Canada,All-items,124.8,1.5459723352318822
2014-04-01,Canada,All-items,125.2,2.037489812550941
2014-05-01,Canada,All-items,125.8,2.276422764227637
2014-06-01,Canada,All-items,125.9,2.357723577235782
2014-07-01,Canada,All-items,125.7,2.1121039805036546
2014-08-01,Canada,All-items,125.7,2.1121039805036546
2014-09-01,Canada,All-items,125.8,2.0275750202757514
2014-10-01,Canada,All-items,125.9,2.357723577235782
2014-11-01,Canada,All-items,125.4,1.9512195121951237
2014-12-01,Canada,All-items,124.5,1.4669926650366705
2015-01-01,Canada,All-items,124.3,0.9748172217709294
2015-02-01,Canada,All-items,125.4,1.0475423045930743
2015-03-01,Canada,All-items,126.3,1.2019230769230838
2015-04-01,Canada,All-items,126.2,0.7987220447284393
2015-05-01,Canada,All-items,126.9,0.8744038155802825
2015-06-01,Canada,All-items,127.2,1.0325655281969714
2015-07-01,Canada,All-items,127.3,1.2728719172633296
2015-08-01,Canada,All-items,127.3,1.2728719172633296
2015-09-01,Canada,All-items,127.1,1.0333863275039823
2015-10-01,Canada,All-items,127.2,1.0325655281969714
2015-11-01,Canada,All-items,127.1,1.3556618819776656
2015-12-01,Canada,All-items,126.5,1.6064257028112428
2016-01-01,Canada,All-items,126.8,2.011263073209979
2016-02-01,Canada,All-items,127.1,1.3556618819776656
2016-03-01,Canada,All-items,127.9,1.2668250197941378
2016-04-01,Canada,All-items,128.3,1.6640253565768592
2016-05-01,Canada,All-items,128.8,1.497241922773851
2016-06-01,Canada,All-items,129.1,1.4937106918238907
2016-07-01,Canada,All-items,128.9,1.256873527101332
2016-08-01,Canada,All-items,128.7,1.09976433621366
2016-09-01,Canada,All-items,128.8,1.337529504327306
2016-10-01,Canada,All-items,129.1,1.4937106918238907
2016-11-01,Canada,All-items,128.6,1.1801730920534936
2016-12-01,Canada,All-items,128.4,1.5019762845849938
2017-01-01,Canada,All-items,129.5,2.1293375394321856
2017-02-01,Canada,All-items,129.7,2.0456333595594067
2017-03-01,Canada,All-items,129.9,1.5637216575449475
2017-04-01,Canada,All-items,130.4,1.636788776305531
2017-05-01,Canada,All-items,130.5,1.3198757763975166
2017-06-01,Canada,All-items,130.4,1.0069713400464808
2017-07-01,Canada,All-items,130.4,1.1636927851047307
2017-08-01,Canada,All-items,130.5,1.3986013986014179
2017-09-01,Canada,All-items,130.8,1.552795031055898
2017-10-01,Canada,All-items,130.9,1.3942680092951187
2017-11-01,Canada,All-items,131.3,2.0995334370140117
2017-12-01,Canada,All-items,130.8,1.869158878504673
2018-01-01,Canada,All-items,131.7,1.698841698841691
2018-02-01,Canada,All-items,132.5,2.1588280647648617
2018-03-01,Canada,All-items,132.9,2.3094688221708903
2018-04-01,Canada,All-items,133.3,2.223926380368102
2018-05-01,Canada,All-items,133.4,2.2222222222222365
2018-06-01,Canada,All-items,133.6,2.4539877300613355
2018-07-01,Canada,All-items,134.3,2.9907975460122804
2018-08-01,Canada,All-items,134.2,2.8352490421455823
2018-09-01,Canada,All-items,133.7,2.2171253822629744
2018-10-01,Canada,All-items,134.1,2.444614209320073
2018-11-01,Canada,All-items,133.5,1.6755521706016685
2018-12-01,Canada,All-items,133.4,1.9877675840978437
2019-01-01,Canada,All-items,133.6,1.4426727410782103
2019-02-01,Canada,All-items,134.5,1.5094339622641506
2019-03-01,Canada,All-items,135.4,1.8811136192625977
2019-04-01,Canada,All-items,136.0,2.025506376594133
2019-05-01,Canada,All-items,136.6,2.398800599700146
2019-06-01,Canada,All-items,136.3,2.020958083832358
2019-07-01,Canada,All-items,137.0,2.010424422933732
2019-08-01,Canada,All-items,136.8,1.9374068554396606
2019-09-01,Canada,All-items,136.2,1.8698578908002972
2019-10-01,Canada,All-items,136.6,1.8642803877703118
2019-11-01,Canada,All-items,136.4,2.1722846441947663
2019-12-01,Canada,All-items,136.4,2.2488755622188883
2020-01-01,Canada,All-items,136.8,2.3952095808383422
2020-02-01,Canada,All-items,137.4,2.1561338289962872
2020-03-01,Canada,All-items,136.6,0.8862629246676468
2020-04-01,Canada,All-items,135.7,-0.22058823529412797
2020-05-01,Canada,All-items,136.1,-0.36603221083455484
2020-06-01,Canada,All-items,137.2,0.6603081438004255
2020-07-01,Canada,All-items,137.2,0.14598540145984717
2020-08-01,Canada,All-items,137.0,0.14619883040933868
2020-09-01,Canada,All-items,136.9,0.5139500734214542
2020-10-01,Canada,All-items,137.5,0.6588579795022032
2020-11-01,Canada,All-items,137.7,0.9530791788856074
2020-12-01,Canada,All-items,137.4,0.7331378299120228
2021-01-01,Canada,All-items,138.2,1.0233918128654818
2021-02-01,Canada,All-items,138.9,1.091703056768556
2021-03-01,Canada,All-items,139.6,2.196193265007329
2021-04-01,Canada,All-items,140.3,3.3898305084745894
2021-05-01,Canada,All-items,141.0,3.6002939015429947
2021-06-01,Canada,All-items,141.4,3.061224489795933
2021-07-01,Canada,All-items,142.3,3.7172011661807725
2021-08-01,Canada,All-items,142.6,4.0875912408758985
2021-09-01,Canada,All-items,142.9,4.382761139517899
2021-10-01,Canada,All-items,143.9,4.654545454545467
2021-11-01,Canada,All-items,144.2,4.720406681191003
2021-12-01,Canada,All-items,144.0,4.8034934497816595
2022-01-01,Canada,All-items,145.3,5.137481910274988
2022-02-01,Canada,All-items,146.8,5.6875449964002955
2022-03-01,Canada,All-items,148.9,6.6618911174785245
2022-04-01,Canada,All-items,149.8,6.77120456165361
2022-05-01,Canada,All-items,151.9,7.730496453900715
2022-06-01,Canada,All-items,152.9,8.13295615275813
2022-07-01,Canada,All-items,153.1,7.589599437807437
2022-08-01,Canada,All-items,152.6,7.012622720897621
2022-09-01,Canada,All-items,152.7,6.857942617214818
2022-10-01,Canada,All-items,153.8,6.879777623349548
2022-11-01,Canada,All-items,154.0,6.796116504854388
2022-12-01,Canada,All-items,153.1,6.319444444444433
2023-01-01,Canada,All-items,153.9,5.918788713007572
2023-02-01,Canada,All-items,154.5,5.245231607629419
2023-03-01,Canada,All-items,155.3,4.298186702484896
2023-04-01,Canada,All-items,156.4,4.4058744993324295
2023-05-01,Canada,All-items,157.0,3.3574720210664877
2023-06-01,Canada,All-items,157.2,2.8122956180510084
2023-07-01,Canada,All-items,158.1,3.2658393207054104
2023-08-01,Canada,All-items,158.7,3.997378768020976
2023-09-01,Canada,All-items,158.5,3.7982973149967236
2023-10-01,Canada,All-items,158.6,3.1209362808842567
2023-11-01,Canada,All-items,158.8,3.116883116883118
2023-12-01,Canada,All-items,158.3,3.396472893533642
2024-01-01,Canada,All-items,158.3,2.8589993502274202
2024-02-01,Canada,All-items,158.8,2.783171521035599
2024-03-01,Canada,All-items,159.8,2.8976175144880933
2024-04-01,Canada,All-items,160.6,2.6854219948849067
2024-05-01,Canada,All-items,161.5,2.866242038216571
2024-06-01,Canada,All-items,161.4,2.6717557251908497
2024-07-01,Canada,All-items,162.1,2.5300442757748343
2024-08-01,Canada,All-items,161.8,1.953371140516702
2024-09-01,Canada,All-items,161.1,1.6403785488958933
2024-10-01,Canada,All-items,161.8,2.0176544766708826
2024-11-01,Canada,All-items,161.8,1.8891687657430767
2024-12-01,Canada,All-items,161.2,1.831964624131377
2025-01-01,Canada,All-items,161.3,1.8951358180669509
2025-02-01,Canada,All-items,163.0,2.644836272040285
2025-03-01,Canada,All-items,163.5,2.3153942428034924
2025-04-01,Canada,All-items,163.4,1.7434620174346271
2025-05-01,Canada,All-items,164.3,1.7337461300309664
2025-06-01,Canada,All-items,164.4,1.8587360594795488
2025-07-01,Canada,All-items,164.9,1.727328809376938
2025-08-01,Canada,All-items,164.8,1.8541409147095234
2025-09-01,Canada,All-items,164.9,2.358783364369965
2025-10-01,Canada,All-items,165.3,2.163164400494444
2025-11-01,Canada,All-items,165.4,2.224969097651419
2025-12-01,Canada,All-items,165.0,2.3573200992556
2026-01-01,Canada,All-items,165.0,2.293862368257904
2026-02-01,Canada,All-items,165.9,1.7791411042944905
2026-03-01,Canada,All-items,167.4,2.3853211009174258
